"conversation_id_str","created_at","favorite_count","full_text","id_str","image_url","in_reply_to_screen_name","lang","location","quote_count","reply_count","retweet_count","tweet_url","user_id_str","username"
"1774583529990766869","Sun Mar 31 23:44:18 +0000 2024","4","banyak post april mop yaa semoga post KPU prabowo-gibran menang itu juga april mop ","1774583529990766869","","","in","","0","0","1","https://x.com/koganenohikari/status/1774583529990766869","1278269892882337792","koganenohikari"
"1774351330825670851","Sun Mar 31 23:43:38 +0000 2024","0","@tvOneNews Jika pak Prabowo sudah lulus uji mental kini mas Gibran diharapkan lulus juga. Stay low create happiness respect critics and do your best to this country Ô∏èüáÆüá©Ô∏è","1774583362600186071","","tvOneNews","in","","0","0","0","https://x.com/ads19sda61/status/1774583362600186071","1682337837562339328","ads19sda61"
"1774565343761215551","Sun Mar 31 23:43:29 +0000 2024","1","@Pencerah___ Owh sekarang bela 01 ya dulu dia bukan militan prabowo.","1774583323400208801","","Pencerah___","in","jakarta indonesia","0","0","0","https://x.com/indapurwoto/status/1774583323400208801","279945644","indapurwoto"
"1774452755496849882","Sun Mar 31 23:43:18 +0000 2024","1","@natasha_k83732 @JendralKepitin9 @5teV3n_Pe9eL jelas jelas pak prabowo blg keberlanjutan pak jokowi ya sama aja. bisa jadi lebih brutal","1774583276927328493","","natasha_k83732","in","","0","0","0","https://x.com/yohannesuniq/status/1774583276927328493","1711333454267498496","yohannesuniq"
"1774247727406465232","Sun Mar 31 23:42:57 +0000 2024","0","@J_D3pp hancur aja kalian zionis laknat","1774583190256275773","","aiek_r3b0rn","in","Citayem California ","0","0","0","https://x.com/JHPrabowo/status/1774583190256275773","158912165","JHPrabowo"
"1774464588895203672","Sun Mar 31 23:42:44 +0000 2024","1","@AndiPitopang7 @prabowo @ListyoSigitP Gak masalah selama tingginya masih di bawah bendera merah putih.","1774583136573391151","","AndiPitopang7","in","","0","0","0","https://x.com/Rich42756258/status/1774583136573391151","1568349266548236288","Rich42756258"
"1774536770421710923","Sun Mar 31 23:42:35 +0000 2024","0","@RaisaTjokrodnta IMAM MAHDI ...KOK KALAH SAMA PRABOWO ....GIMANA KALAU MELAWAN DAJJAL ... JUALAN AGAMA UDAH GAK LAKU","1774583096710754554","","RaisaTjokrodnta","in","","0","1","2","https://x.com/Budi6gmail32922/status/1774583096710754554","1668462777030287360","Budi6gmail32922"
"1774408043310239818","Sun Mar 31 23:41:57 +0000 2024","0","@toe_giman @DPR_RI Kan nganuu mbah masing2 nganuannya nganu","1774582937750823065","","toe_giman","in","Citayem California ","0","1","0","https://x.com/JHPrabowo/status/1774582937750823065","158912165","JHPrabowo"
"1774291257822785564","Sun Mar 31 23:41:13 +0000 2024","0","@StefanAntonio__ Isu receh Yg fix ga terbukti/terjadi: Prabowo korupsi jet tempur Menteri pada mundur Connie di tawain jabatan wamen Hak angket Skr jualan perpecahan jokowi prabowo Bikin lg dung film nya dirty vote 2 Wkwkwkw suka ketawa aj sm bajer miskin","1774582754002518513","","StefanAntonio__","in","","0","1","0","https://x.com/terpanggil313/status/1774582754002518513","1544911840592900099","terpanggil313"
"1774579671096828092","Sun Mar 31 23:41:09 +0000 2024","0","@Zaenal_Cihuyyy Adem nih siang2 ngopi","1774582736608780368","","Zaenal_Cihuyyy","in","Citayem California ","0","1","0","https://x.com/JHPrabowo/status/1774582736608780368","158912165","JHPrabowo"
"1774582661421682930","Sun Mar 31 23:40:51 +0000 2024","3","Jawa Sumatra Kereen lah https://t.co/FDgD4Gq3o0","1774582661421682930","https://pbs.twimg.com/media/GKCVhfIaYAA0Lbt.jpg","","in","Citayem California ","0","0","0","https://x.com/JHPrabowo/status/1774582661421682930","158912165","JHPrabowo"
"1774347167332970968","Sun Mar 31 23:40:47 +0000 2024","1","@mawarwarna @Jelli_cent Bukan hy angka2 tp curang/cacat dg meloloskan Gibran n Prabowo yg menabrak aturan hukum &amp; etika mikir dong... Mikir....","1774582644241788999","","mawarwarna","in","","0","0","0","https://x.com/Samadi_Lukman/status/1774582644241788999","1585248515609210881","Samadi_Lukman"
"1774464588895203672","Sun Mar 31 23:37:05 +0000 2024","5","@AndiPitopang7 @prabowo @ListyoSigitP Yang penting tidak di atas merah putih . Ada yg pernah bilang seperti itu","1774581715912347960","","AndiPitopang7","in","Earth","0","0","1","https://x.com/rektrektrekt123/status/1774581715912347960","604333557","rektrektrekt123"
"1774428783279493504","Sun Mar 31 23:37:05 +0000 2024","0","@realfedinuril Tentang 1998 itu nggak ada yg jelas semua dgn versi masing2 tentu masih ingat kalo Wiranto Prabowo dan Habibie pun pernah menulis buku tentang 1998 yg berbeda2 menurut sudut pandang penulis yg notabene para pelaku dan saksi hidup sejarah itu...","1774581715002155504","","realfedinuril","in","","0","0","0","https://x.com/deden_aden1984/status/1774581715002155504","1259754172825530369","deden_aden1984"
"1774387074206138726","Sun Mar 31 23:36:26 +0000 2024","1","@Maruahalsiahaa2 Narasi pendukung mu wo @prabowo tolol bikin retak persaudaraan","1774581549578817653","","Maruahalsiahaa2","in","","0","0","0","https://x.com/SentotQ/status/1774581549578817653","1603571100080025600","SentotQ"
"1774216561274101870","Sun Mar 31 23:35:26 +0000 2024","0","@xquitavee @prabowo Pekok mu Ki Lo.... Sing korupsi sopo sing mbok salah ne sopo?","1774581298197352912","","xquitavee","in","","0","0","0","https://x.com/hafid_toretto/status/1774581298197352912","1526704293596000257","hafid_toretto"
"1774216561274101870","Sun Mar 31 23:34:55 +0000 2024","0","@An4Julie @xquitavee @prabowo Lah elu dikibulin buzzer tiap hari ","1774581170564690109","","","in","","0","0","0","https://x.com/alinea4uud/status/1774581170564690109","1751131693350834176","alinea4uud"
"1774482981543190564","Sun Mar 31 23:18:03 +0000 2024","0","@Subhan_oke02 @prabowo @jokowi Sepakat","1774576924985372822","","Subhan_oke02","in","Kota Palembang, Sumatera Selat","0","0","0","https://x.com/YumaAr_/status/1774576924985372822","1297177103184482305","YumaAr_"
"1774574416158150975","Sun Mar 31 23:17:52 +0000 2024","0","@kumparan Yg diundang itu prabowo sebagai menhan atau prabowo sebagai capres?","1774576880408211687","","kumparan","in","","0","0","0","https://x.com/Fahmi_RW/status/1774576880408211687","1654016877436481537","Fahmi_RW"
"1774576725172903946","Sun Mar 31 23:17:15 +0000 2024","0","@prabowo apabila Bapak sdh di Lantik jadi Presiden NKRI Tolong benahi kasus korupsi perhatikan tenaga guru guru honorer baik yang di kota maupun di pelosok terpencil sebab mereka itu banyak yang di bayar dng gaji yang rendah.terima kasih","1774576725172903946","","prabowo","in","","0","0","0","https://x.com/GerilOlha68557/status/1774576725172903946","1762713987156979712","GerilOlha68557"
"1774450865803301202","Sun Mar 31 23:16:30 +0000 2024","0","@liaasister @aniesbaswedan Saya pribadi tak masalah kan Prabowo jadi presiden Yg bermasalah ad cawe pemeritah dlm pemenagan Prabowo Lagian ngapain sampah miskin Ikut Kepanasan ......yg di gugat kan KPU - Bawaslu bukan 02","1774576534780834228","","liaasister","in","","0","0","1","https://x.com/BudiYon43861466/status/1774576534780834228","1619900722350559232","BudiYon43861466"
"1774005945863147933","Sun Mar 31 23:15:18 +0000 2024","0","@susipudjiastuti @jokowi @prabowo @ListyoSigitP Coba bisikin @PartaiSocmed kan kmrn gacor banget tuh pas pilpres Dan doi ngidolain ibu juga Mungkin bisa tembus 4 angka eh tembus ke ring 1","1774576230446276878","","susipudjiastuti","in","Namec","0","0","0","https://x.com/uray_24/status/1774576230446276878","98345653","uray_24"
"1774384621498855541","Sun Mar 31 23:14:44 +0000 2024","1","@timpenguinnas @Gamal_Albinsaid Memang keren sih Mas Gamal ini saya Prabowo dan Gerindra die hard.. tapi juga kagum dengan Mas Gamal ","1774576090859864129","","timpenguinnas","in","","0","0","0","https://x.com/akumakuzma/status/1774576090859864129","1688805917683499008","akumakuzma"
"1774387074206138726","Sun Mar 31 23:14:03 +0000 2024","0","@Maruahalsiahaa2 Tidak usah marahlah santai aja. Dulu Pak Prabowo waktu kalah Pilpres juga seperti ini. Hanya mungkin suhunya agak beda dengan sekarang krena yang bjcara ini memang pada cerdas semua.","1774575917282861431","","Maruahalsiahaa2","in","","0","0","0","https://x.com/Mus00316264/status/1774575917282861431","1243003861113044993","Mus00316264"
"1773733887476425158","Sun Mar 31 23:12:14 +0000 2024","0","@H4T14K4LN4L42 @officialMKRI @prabowo @gibran_tweet ini suara sdr Bambang pengacara 01 dalam pembacaan tuntutan. bukan suara MK he he he mau nipu","1774575459206046090","","H4T14K4LN4L42","in","","0","0","0","https://x.com/machmad009/status/1774575459206046090","147009289","machmad009"
"1774575340737958321","Sun Mar 31 23:11:45 +0000 2024","0","Ini pendukung pak Prabowo kah????? knp yaa dari 2014 2019 sampai skrng narasi kafir di gabung kan oleh pendukung tertentu coba test kejiwaan ini ucapannya Krn dpt bansos yg 497T atau dpt cipratan yg 297t","1774575340737958321","","","in","","0","0","0","https://x.com/hanyo_swett/status/1774575340737958321","1582687537193025537","hanyo_swett"
"1774208366581334365","Sun Mar 31 23:11:19 +0000 2024","0","@B16Winer02 Hasil nya mmng curang asli prabowo 75 % jokowo semua","1774575230272553135","","g4b0ng0ku73","in","Holland, OH","0","0","0","https://x.com/Ayusarawati1/status/1774575230272553135","805853125730967552","Ayusarawati1"
"1773733887476425158","Sun Mar 31 23:10:56 +0000 2024","0","@H4T14K4LN4L42 @officialMKRI @prabowo @gibran_tweet Halu yg berkelanjutan ","1774575134546034986","","H4T14K4LN4L42","in","","0","0","0","https://x.com/adnan_baiduri/status/1774575134546034986","1257441289970151424","adnan_baiduri"
"1774129281674973613","Sun Mar 31 23:10:22 +0000 2024","0","@_NusantaraLand_ @segorosegoro1 @adri_7i @99propaganda @AlmaghribiS @AndreasSolusi @AndriDesvi10785 @KEBUMENinLOVE @bengkeldodo @dika_maxelyou @EffendiRistriy1 Jalannya Demokrasi seperti nya ada yang salah tempat.","1774574989947400401","","_NusantaraLand_","in","Indonesia","0","0","0","https://x.com/insanisyah1/status/1774574989947400401","1461644341139496965","insanisyah1"
"1774315059738788145","Sun Mar 31 23:08:12 +0000 2024","0","@tanyarlfes Tiktok kan banyakan fans prabowo gibran","1774574444721422791","","tanyarlfes","in","","0","0","0","https://x.com/AqulilaDarksoul/status/1774574444721422791","973936095321759744","AqulilaDarksoul"
"1774574416158150975","Sun Mar 31 23:08:05 +0000 2024","9","Prabowo akan berada di China selama 3 hari ke depan atau hingga 2 April. Kunjungan ini merupakan atas undangan Xi Jinping. #newsupdate #update #news #text https://t.co/NMpQE4HW9X","1774574416158150975","","","in","","0","3","0","https://x.com/kumparan/status/1774574416158150975","759692754985242625","kumparan"
"1774574107394551912","Sun Mar 31 23:06:51 +0000 2024","1","eh kacian deh tadinya mau sindir orang tapi malah menyidir sendiri.","1774574107394551912","","","in","Indonesia","0","0","0","https://x.com/insanisyah1/status/1774574107394551912","1461644341139496965","insanisyah1"
"1774410575537377341","Sun Mar 31 22:45:46 +0000 2024","2","@RaisaTjokrodnta Eh jongos buzzer 02nongol disinijejak digital lu emang brutal Pak prabowo nih kurang ajar bgt https://t.co/cNAwAScjMP","1774568800161280148","https://pbs.twimg.com/media/GKCI6yTboAAGF9I.jpg","RaisaTjokrodnta","in","El dorado bbk","0","0","0","https://x.com/burhanuddin30/status/1774568800161280148","377895572","burhanuddin30"
"1769972403738644774","Sun Mar 31 22:44:44 +0000 2024","1","@NayDonuts @prabowo Tetap rendah hati pak. Itu kunci semuanya.","1774568541578273007","","NayDonuts","in","Jakarta, Indonesia","0","0","0","https://x.com/Stef_Rud/status/1774568541578273007","2833745060","Stef_Rud"
"1774216561274101870","Sun Mar 31 22:43:44 +0000 2024","0","@xquitavee @prabowo Salam https://t.co/gl9SdiW9nr","1774568290125557787","https://pbs.twimg.com/media/GKCIdJDbUAA66GI.jpg","xquitavee","in","indonesia","0","0","0","https://x.com/dikasman_73/status/1774568290125557787","835669430273114112","dikasman_73"
"1774568044540641577","Sun Mar 31 22:42:46 +0000 2024","2","Kolaborasi rakyat pendukung @jokowi @prabowo dan @SBYudhoyono. Itu mematahkan kesombongan dari Capres-cawapres dan para pendukung 01 dan 03 menjadi seperti ranting rusak yg ga berbentuk. Sehingga logika berpikir sehat mereka terdegradasi karena kalah pilpres yg menyakitkan !","1774568044540641577","","","in","Bumiayu, Indonesia","0","1","0","https://x.com/sukardiyahya162/status/1774568044540641577","1539724674749579265","sukardiyahya162"
"1774104011001737615","Sun Mar 31 22:42:12 +0000 2024","0","@IwanIwanely72 Ya ngga akan di acc pelaku korupsinya juga diantaranya mereka minimal kecipratan.","1774567901611323608","","IwanIwanely72","in","","0","0","0","https://x.com/LukPrabowo/status/1774567901611323608","4738020572","LukPrabowo"
"1774362389477200374","Sun Mar 31 22:41:15 +0000 2024","1","@Pepatah_dr_Chin @prabowo Ini yg terdengar audionya pak https://t.co/A7eXblkWd4","1774567661625917824","https://pbs.twimg.com/ext_tw_video_thumb/1774567626079174656/pu/img/vE5zGIQsTUEkoFDc.jpg","Pepatah_dr_Chin","in","Somewhere over the rainbow ","0","0","0","https://x.com/DakotaGeorgy/status/1774567661625917824","1717067783165620224","DakotaGeorgy"
"1774565343761215551","Sun Mar 31 22:41:04 +0000 2024","4","@Pencerah___ Mas mbang dalilnya klas lokal.. suara Fanatis melitan @prabowo Pemilu 2014 45% Pemilu 2019 48% Simpel+ KIM+ Gibran+ Relawan+ Progmelanjutkn = 58% masuk akal lihat Suara Partai Brp suara @aniesbaswedan Ngibul debat ko dibawa ke @officialMKRI @habiburokhman","1774567617317245263","","Pencerah___","in","","0","0","0","https://x.com/hadehate16/status/1774567617317245263","1622153911753900032","hadehate16"
"1774428783279493504","Sun Mar 31 22:40:18 +0000 2024","1","@realfedinuril Seret prabowo ke pengadilan HAM. Penjarakan dia pasung kalo perlu jika dia salah. Tp kalo dia benar maka cukup minta maaf. Kalo ngomong soal buku. Itu sekedar asumsi.","1774567422772891736","","realfedinuril","in","","0","0","0","https://x.com/Prastyana4/status/1774567422772891736","1274551310646272000","Prastyana4"
"1774567243302793304","Sun Mar 31 22:39:35 +0000 2024","0","Didampingi Sang Anak Prabowo Mendarat di China untuk Temui Xi Jinping https://t.co/qCyDYckMCD","1774567243302793304","","","in","Jakarta, Indonesia","0","0","0","https://x.com/Bisniscom/status/1774567243302793304","118646322","Bisniscom"
"1774091181443707054","Sun Mar 31 22:39:04 +0000 2024","0","@DarsAlexandra1 Ternyata para petinggi di Indonesia cuma bisa berbohong mengatakan berani berkorban demi rakyat dan demi negara nyatanya ngga berani karena anggota keluarganya tersandera kasus. Kalau Puan tolak hak angket sebaiknya mengundurkan diri saja.","1774567113891684823","","DarsAlexandra1","in","","0","0","0","https://x.com/LukPrabowo/status/1774567113891684823","4738020572","LukPrabowo"
"1774216561274101870","Sun Mar 31 22:38:40 +0000 2024","0","@xquitavee @prabowo SDM rendah gak ada lawan ","1774567012540485835","","xquitavee","in","sofa","0","0","0","https://x.com/anna_tannia/status/1774567012540485835","1387087974","anna_tannia"
"1774531299065368803","Sun Mar 31 22:38:39 +0000 2024","0","@RicKY_KCh Yakin siapapun pelakunya????termasuk para menteri yg mendukung prabowo kah?","1774567009793233089","","RicKY_KCh","in","","0","0","0","https://x.com/Muhamad68002507/status/1774567009793233089","1098463519249317888","Muhamad68002507"
"1774194251808829667","Sun Mar 31 22:38:14 +0000 2024","0","@Don_gindo Suara demokrat plg kecil di antara koalisi prabowo. Siap2 posisi tawarnya digeser Nasdem. ","1774566904931471698","","Don_gindo","in","","0","0","0","https://x.com/getteng_hola/status/1774566904931471698","1471987180968943624","getteng_hola"
"1774216561274101870","Sun Mar 31 22:38:13 +0000 2024","0","@xquitavee @prabowo Baca Beritanya woy jangan modal skrinsyut judul doang. Di beritanya jelas disebutkan bahwa hubungan HM dan SD dgn Kubu 01 itu hanyalah topik pembicaraan di medsos bukan fakta. Medianya sengaja bikin judul ngeprank orang2 dungu yg anti 01. https://t.co/2fx6OXVXcc","1774566898988204386","","xquitavee","in","","0","0","0","https://x.com/irhamnapermana/status/1774566898988204386","180112404","irhamnapermana"
"1774185088332513763","Sun Mar 31 22:37:58 +0000 2024","0","@habiburokhman Gugatlah kemana aja .. .. Yang jelas Prabowo Gibran sudah pilihan rakyat tidak ada yang bisa membatalkan suara rakyat","1774566839173222552","","habiburokhman","in","","0","0","0","https://x.com/YaniZuryani/status/1774566839173222552","1405050068453912577","YaniZuryani"
"1774562461225542034","Sun Mar 31 22:37:41 +0000 2024","13","@gara_nam Ternyata lawatan prabowo ke china untuk ini ","1774566766741762398","","gara_nam","in","","0","0","0","https://x.com/Ruviel02/status/1774566766741762398","1378418514218807297","Ruviel02"
"1774565736390017398","Sun Mar 31 22:33:36 +0000 2024","0","walah baru tau dr Gamal sekarang nyaleg dan berhasil terpilih. Salah seorang jubir Prabowo-Sandi waktu 2019. beda kapal dengan saya tapi saat itu kagum dan respect sama pembawaan beliau yang tenang kalem dan argumennya cerdas selalu berbasis data dan latar belakang yg jelas.","1774565736390017398","","","in","Jatinangor","0","0","0","https://x.com/rdhdanu15/status/1774565736390017398","1667950991285837824","rdhdanu15"
"1774388683652960624","Sun Mar 31 22:32:52 +0000 2024","0","@bengkeldodo Gausah pake lagu lagu sedih tolol kaga guna emang dasarnya Prabowo kaga bisa debat ","1774565553048367238","","bengkeldodo","in","Indonesia","0","1","0","https://x.com/louiexiix/status/1774565553048367238","1436069826","louiexiix"
"1774565222432571482","Sun Mar 31 22:31:33 +0000 2024","0","Di negara zionist ada Netanyahu Di indonesia ada @jokowi Jd wajar jk uang APBN bansos 490T hrs di usut krn hnya bs dibelanjakan utk mendapatkn capres/cawapres 2024 sekelas @prabowo @gibran_tweet Gk bs mendapatkn sekelas Vladimir putin https://t.co/mFdXNjWBNT","1774565222432571482","","","in","","0","0","0","https://x.com/RinduBae_Wish/status/1774565222432571482","1604819722754629632","RinduBae_Wish"
"1774374560412115214","Sun Mar 31 22:30:53 +0000 2024","0","@c4hbanten @prabowo Hukuman mati sbg hukuman maksimal dg kualitas hakim spt saat ini ? Malah nnt yg dikriminalisasi dihukum mati yg korupsi besar cm dihukum biasa","1774565055176294400","","c4hbanten","in","Tangerang, Indonesia","0","0","0","https://x.com/RelawanBenteng/status/1774565055176294400","815333288839516160","RelawanBenteng"
"1774351330825670851","Sun Mar 31 22:30:20 +0000 2024","2","@tvOneNews Prabowo akhinya nyesel pilih pasangan anak bocil.....bingung dia bangsa kita mau d bawa kemana nih...","1774564916479001026","","tvOneNews","in","Kota Surabaya, Jawa Timur","0","1","1","https://x.com/TotoSg189649/status/1774564916479001026","1739670463788593152","TotoSg189649"
"1774564712619102397","Sun Mar 31 22:29:31 +0000 2024","1","INFO UNTUK PRESIDEN RI : SEBAIKNYA KUNJUNGI KERUSAKAN TNKS https://t.co/XGGa7YENch @jokowi @prabowo @gibran_tweet @KementerianLHK @BPSDMESDM @SitiNurbayaLHK @DivHumas_Polri @ListyoSigitP @propampolri @ST_Burhanuddin @KejaksaanRI @KPK_RI @ILCRockyGerung @MataNajwa @NajwaShihab","1774564712619102397","","","in","Bengkulu, Indonesia","0","0","0","https://x.com/Beo_Bengkulu/status/1774564712619102397","1457460560597962753","Beo_Bengkulu"
"1774335919161839989","Sun Mar 31 22:28:26 +0000 2024","0","@xquitavee Jelas jelas pt timah itu BUMN kutua ny eriq tohir tkn ny prabowo. Kok fi lempar 01. Kira kira eriq kebagian gk ya....","1774564439938982102","","xquitavee","in","","0","0","0","https://x.com/indrianbinhasan/status/1774564439938982102","1506644559530397701","indrianbinhasan"
"1774564362667036819","Sun Mar 31 22:28:08 +0000 2024","1","gue mah percaya percaya aja mayoritas orang beneran milih prabowo pertanyaannya cara milihnya gimana pertimbangannya apa aja kenapa dll","1774564362667036819","","","in","","0","0","0","https://x.com/mikhara_/status/1774564362667036819","955438899995688961","mikhara_"
"1774564275316773344","Sun Mar 31 22:27:47 +0000 2024","0","@realfedinuril hati-hati brey @prabowo sekarang udah jadi presiden. Kalau orang udah jadi penguasa ada dua kemungkinan 1.loe bisa mati sbg aktivis artis. 2.loe bisa diajak sbg mata rantai korupsi didalam pemerintahanya.","1774564275316773344","","realfedinuril","in","Indonesia","0","0","0","https://x.com/yadi090375/status/1774564275316773344","915447248070127616","yadi090375"
"1773940003070231008","Sun Mar 31 22:27:40 +0000 2024","0","@PDemokrat Memenuhi janji ke Prabowo bukan ke pendukung bukan ke kader jadi itu untuk kepentingan siapa?... Pribadi kader oligarki.","1774564244228616520","","PDemokrat","in","dumai, indonesia","0","0","0","https://x.com/p4rn4un6an/status/1774564244228616520","842543436","p4rn4un6an"
"1774440516865970622","Sun Mar 31 22:27:29 +0000 2024","1","@Kimberley_PS08 Banyak pembenci jokowi tapi ngaku pendukung prabowo","1774564197525078211","","Kimberley_PS08","in","","0","3","0","https://x.com/rakabuning/status/1774564197525078211","1724707826365599744","rakabuning"
"1774482981543190564","Sun Mar 31 22:25:54 +0000 2024","0","@Subhan_oke02 @prabowo @jokowi kalo liat yg beginian mah nggak yakin 96 juta paling cuma gaya 69","1774563802228662458","","Subhan_oke02","in","Hati moe....","0","3","0","https://x.com/MaryonoNihh/status/1774563802228662458","1719666264984162304","MaryonoNihh"
"1773746987667763391","Sun Mar 31 22:24:18 +0000 2024","0","@H4T14K4LN4L42 @jokowi @prabowo Parah banget kamu @jokowi ?..","1774563399453847943","","H4T14K4LN4L42","in","Jeddah,saudi arabia","0","0","0","https://x.com/BankBowie/status/1774563399453847943","2259838507","BankBowie"
"1774406561739547050","Sun Mar 31 22:24:15 +0000 2024","3","@RaisaTjokrodnta Jongos dongo songong nongol lagi pak prabowo lapor jongosnya kurang ajar bgt ngatain bapak sama anak bapak dikatain melambai jongos ga tau diri nih https://t.co/YtT30K6jrA","1774563387168710921","https://pbs.twimg.com/media/GKCD_rAbgAAHDcI.jpg","RaisaTjokrodnta","in","El dorado bbk","0","1","0","https://x.com/burhanuddin30/status/1774563387168710921","377895572","burhanuddin30"
"1774112808302706743","Sun Mar 31 22:20:09 +0000 2024","0","@LexWu_13 @Gerindra @prabowo Wew nyimak","1774562354619162981","","LexWu_13","in","Earth","0","0","0","https://x.com/BawonoRobert/status/1774562354619162981","1015404417292517376","BawonoRobert"
"1774408813657063494","Sun Mar 31 22:19:29 +0000 2024","0","@AlnilamOmar @J_D3pp Gak pernah kayaknya malahan","1774562184959533548","","AlnilamOmar","in","Citayem California ","0","0","0","https://x.com/JHPrabowo/status/1774562184959533548","158912165","JHPrabowo"
"1774482981543190564","Sun Mar 31 22:19:14 +0000 2024","0","@Subhan_oke02 @prabowo @jokowi Hanya butuh 5 orang waras memiliki hati nurani. Punya integritas untuk menyelamatkan demokrasi. Menyelamatkan moral bangsa dari cacat perilaku yg membenarkan segala yg salah utk mencapai tujuan.","1774562122560848269","","Subhan_oke02","in","indsonesia asia","0","0","0","https://x.com/Bakhjatul/status/1774562122560848269","2519471036","Bakhjatul"
"1774408813657063494","Sun Mar 31 22:19:09 +0000 2024","1","@J_D3pp Sepakat cak malah kudu di intensifkan Bagus kok Pramuka ini","1774562103749443747","","aiek_r3b0rn","in","Citayem California ","0","0","0","https://x.com/JHPrabowo/status/1774562103749443747","158912165","JHPrabowo"
"1774216561274101870","Sun Mar 31 22:17:55 +0000 2024","0","@xquitavee @prabowo Org gak mikir emg paling jago urusan framing","1774561792569778512","","xquitavee","in","","0","0","0","https://x.com/LapakaMe/status/1774561792569778512","1759517999307149312","LapakaMe"
"1773550947685314580","Sun Mar 31 22:12:47 +0000 2024","0","@eppiyaa Terus lo akan berharap perubahan padahal lo pilih Prabowo karena janji berkelanjutan? Klo ada org jalan ke timur tp ingin sampai di barat apa namanya klo bkn goblok.","1774560499545596209","","eppiyaa","in","","0","1","0","https://x.com/bukan4non/status/1774560499545596209","2148752027","bukan4non"
"1774216561274101870","Sun Mar 31 22:12:36 +0000 2024","0","@xquitavee @prabowo Sakit jiwa loe Mak lampir jejak digital tengok! Kocag","1774560455207600502","","xquitavee","in","","0","0","0","https://x.com/yogapermana45/status/1774560455207600502","395258407","yogapermana45"
"1774444832234287322","Sun Mar 31 22:12:04 +0000 2024","107","@RomitsuT Itu Peswat Kepresidenan bukan sih? Kalo sebatas kapasitasnya cuma memenuhi undangan Jin Ping kenapa juga pd kunjungan tsb Prabowo pake Pesawat Kepresidenan? Emangmya udah pasti jadi Presiden? MK aja msh bersidang atas PHPU. Wuaduh susah deh klo sama gerombolan yg kaga tau malu","1774560317957452133","","RomitsuT","in","Bogor, Jawa Barat","0","8","23","https://x.com/carlitovito180/status/1774560317957452133","1637692626215501824","carlitovito180"
"1774216561274101870","Sun Mar 31 22:12:03 +0000 2024","23","@jankasikendor @xquitavee @prabowo Mbak gua kasian Ama lu jadi buzzer gaji ratusan kalah noh Ama timsesnya prabs dapet jabatan duit triliunan. Malu","1774560314069324163","","jankasikendor","in","","0","0","0","https://x.com/ifah_63/status/1774560314069324163","1471469114510114818","ifah_63"
"1774340195003126183","Sun Mar 31 22:11:39 +0000 2024","0","@MTaufiq_NTB 2014 prabowo kalah. 2019 prabowo kalah. 2024 anies baswedan kalah.","1774560215494754634","","MTaufiq_NTB","in","","0","0","0","https://x.com/AjaMaulana68/status/1774560215494754634","1604293761088901121","AjaMaulana68"
"1774442154045440503","Sun Mar 31 22:11:09 +0000 2024","1","@5teV3n_Pe9eL Kita??? Gw gak pernah coblos jkw ya. Gw dulu coblos prabowo jg krn ogah jkw berkuasa ","1774560089434915125","","V3g3L","in","","0","0","0","https://x.com/purple_ungu/status/1774560089434915125","106767999","purple_ungu"
"1774216561274101870","Sun Mar 31 22:10:21 +0000 2024","0","@xquitavee @prabowo ada bukti otentik gak?ato sbatas baca berita? udh verifikasi?","1774559886858392040","","xquitavee","in","","0","0","0","https://x.com/Fitriagita22/status/1774559886858392040","1686088058939318272","Fitriagita22"
"1774277019347689872","Sun Mar 31 22:09:08 +0000 2024","1","@xquitavee @PDI_Perjuangan @puanmaharani_ri @prabowo JANGGAR SI PRESIDEN KESIANGAN","1774559579881570453","","xquitavee","in","","0","0","0","https://x.com/BBerizik/status/1774559579881570453","1336498517028716546","BBerizik"
"1774551141180928313","Sun Mar 31 22:09:01 +0000 2024","4","@cobeh2022 Klo begini jangan2 MSP itu punya pa Prabowo. Kok petinggi2 Gerindra pd jadi kom dn direksi.","1774559552048152825","","cobeh2022","in","","0","1","0","https://x.com/wansrosadi/status/1774559552048152825","1555488754089197568","wansrosadi"
"1774335919161839989","Sun Mar 31 22:08:42 +0000 2024","0","@xquitavee semenjak dia sering iming' kata' mutiara yg bgtu keren menjiwai ternyata ga di lakuin awoakowkok nah skrng nih pas dia nyapres gua ttp dukung anies eh tpi lama' gua liat sifatnya bgtu kebnykan mainin agama dan akhrnya gua pindah aj ke prabowo","1774559473576956078","","OhMyDrex","in","","0","0","0","https://x.com/OhMyDrex/status/1774559473576956078","1606066988727795714","OhMyDrex"
"1774335919161839989","Sun Mar 31 22:08:25 +0000 2024","0","@xquitavee Pendukung Prabowo sekarang tolol tolol &amp; tukang fitnah yaa","1774559402340852040","","xquitavee","in","nearby","0","0","0","https://x.com/wahhcenasu/status/1774559402340852040","313233609","wahhcenasu"
"1774295200036487392","Sun Mar 31 22:07:53 +0000 2024","0","@TheLadyJokeer @gibran_tweet Cc : raden bagus @gibran_tweet Cc : pak @prabowo Monggo di simak video ini","1774559265250066650","","TheLadyJokeer","in","Sleman, Indonesia","0","0","0","https://x.com/hardi_hardiman2/status/1774559265250066650","776211223079641088","hardi_hardiman2"
"1774450865803301202","Sun Mar 31 22:07:51 +0000 2024","0","@liaasister @aniesbaswedan 01 juga banyak sekali yg hina Prabowo gibran sampe skrg Giliran 01 dihina BAPER ah giman si 01 01 suka hina org tapi dihina marah","1774559259206066363","","liaasister","in","","0","0","0","https://x.com/CrosNurdin/status/1774559259206066363","1567753680535035904","CrosNurdin"
"1774396990996259099","Sun Mar 31 22:07:49 +0000 2024","0","@bengkeldodo Semua negara udah mengakui kalau prabowo presiden RI 8..di indonesia malah 01 03 masih gila pengen jadi presiden...wkakakak","1774559247663272096","","bengkeldodo","in","","0","2","0","https://x.com/ADarmantyo/status/1774559247663272096","1578982363094097920","ADarmantyo"
"1773550947685314580","Sun Mar 31 22:07:45 +0000 2024","0","@eppiyaa g perlu nunggu pelantikan cukup lihat gerombolan yg ada disekitar Prabowo sdh tau apa kebijakan yg akan diambil. Jgn berharap hal yg beda dari gerombolan yg sama. Sorry ye gw g akan berkawan dgn gerombolan maleng. https://t.co/i2CbkSwSzJ","1774559234254127411","https://pbs.twimg.com/media/GKCAOCrbAAAqfeK.jpg","eppiyaa","in","","0","1","0","https://x.com/bukan4non/status/1774559234254127411","2148752027","bukan4non"
"1774329806349615138","Sun Mar 31 22:06:41 +0000 2024","0","@c_juragan69 @NyaiiBubu Soal penculik prabowo ya?","1774558964463919479","","c_juragan69","in","Jakarta","0","1","0","https://x.com/ridwan2474/status/1774558964463919479","857381488261644288","ridwan2474"
"1774216561274101870","Sun Mar 31 22:06:11 +0000 2024","0","@xquitavee @prabowo Apa hubungan ya suami ya sandra dewi dgn tom limbong..??","1774558837405843472","","xquitavee","in","","0","0","0","https://x.com/AjaMaulana68/status/1774558837405843472","1604293761088901121","AjaMaulana68"
"1774558791352102912","Sun Mar 31 22:06:00 +0000 2024","0","#zonauang #zonajajan #infoloker #lokerwfh info loker parttime part time freelance freelancer pelajar mahsiswa kuliah sekolah wfh iphone netflix disney+ viu joki wts wtb pc konser tiket debat pemilu capres cawapres amin anies imin pragi prabowo gibran ganjar mahfud 2r","1774558791352102912","","","in","she/her","0","0","0","https://x.com/idolletes/status/1774558791352102912","734741352236220417","idolletes"
"1774428783279493504","Sun Mar 31 22:05:46 +0000 2024","3","@jatmiko99604253 @Ngadinopanser @realfedinuril Ya abang terangin dong. Salahnya kita menilai prabowo penculik tuh dimana? Ada cacatannya gak? Kasih bantahannya kalo memang ada.","1774558732950933938","","jatmiko99604253","in","","0","0","0","https://x.com/Lylr_21/status/1774558732950933938","1603871049245814785","Lylr_21"
"1774558645038260533","Sun Mar 31 22:05:25 +0000 2024","1","Setuju Food Estate hrs dilanjutkan !!","1774558645038260533","","","in","Indonesia","0","1","1","https://x.com/insanisyah1/status/1774558645038260533","1461644341139496965","insanisyah1"
"1773809945059979388","Sun Mar 31 22:04:32 +0000 2024","0","@diazika81 @bengkeldodo Mba nya tinggal di gua ya? Siapa blng pak prabowo jarang kampanye? Beliau kampanye dr 2004 mba waktu 90% masyarakat gak kenal dng anis &amp; ganjar yg 10% kenal 2 org itu krn sodara &amp; tetangganya wkwkwk","1774558425130868903","","diazika81","in","","0","0","0","https://x.com/poohjepsen/status/1774558425130868903","912222355451035648","poohjepsen"
"1774283439426216202","Sun Mar 31 22:03:46 +0000 2024","0","@LokalPendaki laga lu mau ksih mkan gretong ke anak skolah guru2 nya ja pd trlantar @prabowo @gibran_tweet @prabowogibran2","1774558229244379613","","LokalPendaki","in","Depok, Indonesia","0","0","0","https://x.com/hippyyyyyyyyyy/status/1774558229244379613","1684630204441059330","hippyyyyyyyyyy"
"1774469307587760617","Sun Mar 31 22:03:26 +0000 2024","0","@Projo_Pusat @jokowi @prabowo 2014 2019 prabowo menuduh curang sekarang yg menuduh dan tertuduh duet maut ","1774558145454715266","","Projo_Pusat","in","","0","0","0","https://x.com/abi_priadi/status/1774558145454715266","1603811860553555968","abi_priadi"
"1774216561274101870","Sun Mar 31 22:03:09 +0000 2024","0","@xquitavee @prabowo Fitnah teroooos","1774558076257140973","","xquitavee","in","","0","0","0","https://x.com/wanojamaca/status/1774558076257140973","1663704714683502593","wanojamaca"
"1774435566538678457","Sun Mar 31 22:02:57 +0000 2024","0","@S4N_W1B1 Itu Hasyim apa Prabowo ya? Aku kadang gak bisa bedain.","1774558026080625147","","S4N_W1B1","in","","0","0","0","https://x.com/irw4n_be/status/1774558026080625147","2753415576","irw4n_be"
"1774216561274101870","Sun Mar 31 22:02:55 +0000 2024","0","@xquitavee @prabowo setolol inikah pendukung 02????","1774558016488292436","","xquitavee","in","Indonesia","0","0","0","https://x.com/boxusmedia/status/1774558016488292436","247168203","boxusmedia"
"1774485206919188929","Sun Mar 31 22:02:06 +0000 2024","1","@RfgL88 @H4T14K4LN4L42 @officialMKRI @KPU_ID @prabowo Gerombolan pecundang menikmati kebebasan melampiaskan kekecewaan karna jagoannya KALAH TELAK . Lama2 bisa sakit jiwa dia ","1774557812510871569","","RfgL88","in","Indonesia","0","0","0","https://x.com/sig4rpenjalin/status/1774557812510871569","1026208477","sig4rpenjalin"
"1773746987667763391","Sun Mar 31 22:00:57 +0000 2024","0","@H4T14K4LN4L42 @jokowi @prabowo Presiden penuh kepalsuan","1774557521254215979","","H4T14K4LN4L42","in","Turin Italia","0","0","0","https://x.com/S_RawayanGalo/status/1774557521254215979","928663818","S_RawayanGalo"
"1774216561274101870","Sun Mar 31 21:59:48 +0000 2024","1","@An4Julie @xquitavee @prabowo BASI BAWA AGAMA TERUS BUAT COUNTER NYA","1774557232363180232","","","in","","0","0","0","https://x.com/stilloveyuri/status/1774557232363180232","1200804286042476546","stilloveyuri"
"1773975477411332346","Sun Mar 31 21:59:03 +0000 2024","0","@btgggefl orang tertulus kedua setelah prabowo","1774557045171339735","","btgggefl","in","","0","0","1","https://x.com/zulnotfun/status/1774557045171339735","1355946258678960130","zulnotfun"
"1774557014548754886","Sun Mar 31 21:58:56 +0000 2024","0","Wallahi semalam hbs mimpi pak Prabowo dah mau dilantik tp jadinya chaos trs vibesnya kek hari kiamat di GTA persis mampus","1774557014548754886","","","in","","0","0","0","https://x.com/mewch4nnn/status/1774557014548754886","3101362134","mewch4nnn"
"1774005945863147933","Sun Mar 31 21:58:44 +0000 2024","0","@susipudjiastuti @jokowi @prabowo @ListyoSigitP Porkas dll bisa kog atau emang ada kepentingan terselubung ?","1774556964649136240","","susipudjiastuti","in","","0","0","0","https://x.com/azkaargian6299/status/1774556964649136240","1738057024028778496","azkaargian6299"
"1774464588895203672","Sun Mar 31 21:58:25 +0000 2024","0","@AndiPitopang7 @prabowo @ListyoSigitP Mandiri lah wahai warga aceh jaga SDA kalian jangan sampai dirampok si mata sipit penduduk PIK.","1774556885456458028","","AndiPitopang7","in","","0","0","0","https://x.com/TSiddiq56238/status/1774556885456458028","1765013029492797440","TSiddiq56238"
"1774439726801723761","Sun Mar 31 21:58:04 +0000 2024","0","@DedynurPalakka @gibran_tweet Ini lebih rongsokan dari sekedar mulut rongsokan @Prabowo mesti liat ini agar hati2 dg partai @Psi yg isi programnya asal masuknparlemen oknum2 Penjilat dan Pengadudomba anak bangsa https://t.co/mvbq9i8bQv","1774556795413106810","https://pbs.twimg.com/media/GKB9_zva4AAHDVf.jpg","DedynurPalakka","in","Yogyakarta, Indonesia","0","1","0","https://x.com/marsusuka/status/1774556795413106810","889377463284842496","marsusuka"
"1774485206919188929","Sun Mar 31 21:57:32 +0000 2024","0","@H4T14K4LN4L42 @officialMKRI @KPU_ID @prabowo Kita coba menganalisa angka 58.... 2024 - 58 = 1966 Ada tahun 1966.... https://t.co/5lyGcUMkGj","1774556662080344077","https://pbs.twimg.com/media/GKB94RIaUAAXaj7.jpg","H4T14K4LN4L42","in","","0","0","0","https://x.com/Alray901/status/1774556662080344077","1740210681935458304","Alray901"
"1774556599048437915","Sun Mar 31 21:57:17 +0000 2024","0","prabowo keturunan china aja kenapa gak lu protes ? kontol.....","1774556599048437915","","","in","Palembang Region","0","1","0","https://x.com/opungilman/status/1774556599048437915","1530655086459752448","opungilman"
"1774216561274101870","Sun Mar 31 21:56:49 +0000 2024","0","@xquitavee @prabowo Sdm rendah pendukung 02 mereka itu pendukung fanatik 02 woiii...bahkan helena saja ada di TKN","1774556481104629899","","xquitavee","in","","0","0","0","https://x.com/KNaulina53367/status/1774556481104629899","1762846018394316800","KNaulina53367"
"1774550273446572295","Sun Mar 31 21:55:33 +0000 2024","11","@124hmahHastuti1 Sekarang giliran Prabowo yg ketar ketir.","1774556164451398045","","124hmahHastuti1","in","Bekasi Barat, Indonesia","0","1","7","https://x.com/aRi4_07/status/1774556164451398045","1650846171441827845","aRi4_07"
"1774464588895203672","Sun Mar 31 21:55:02 +0000 2024","3","@AndiPitopang7 @prabowo @ListyoSigitP Indonesia menuju bubar","1774556034016969139","","AndiPitopang7","in","metavers","0","0","0","https://x.com/25perak/status/1774556034016969139","1480521792833789953","25perak"
"1774184724828979596","Sun Mar 31 21:54:26 +0000 2024","0","@bengkeldodo Bukti pendukung Prabowo Gibran GOBLOK seperti si China BAB1 ini","1774555883235905564","","bengkeldodo","in","Jakarta Capital Region","0","0","0","https://x.com/men_thank6939/status/1774555883235905564","1707835016418570241","men_thank6939"
"1774555800259969223","Sun Mar 31 21:54:07 +0000 2024","0","Nanti dikasih masukan dilaporin. @prabowo Wong kok kongene to ya.","1774555800259969223","","","in","","0","0","0","https://x.com/daisyze_/status/1774555800259969223","1656531253187993600","daisyze_"
"1774338915383873809","Sun Mar 31 21:52:45 +0000 2024","0","@sethrash666 Ku kira Ady Gembel","1774555457715368072","","sethrash666","in","Wasteland","0","0","0","https://x.com/_scumfvkk_/status/1774555457715368072","604282110","_scumfvkk_"
"1774216561274101870","Sun Mar 31 21:51:52 +0000 2024","0","@LeoCinCin1 @xquitavee @prabowo Mukanya kusam dan khas banget urat kismin betina satu ini ya","1774555234272260288","","LeoCinCin1","in","Negara berflower +62","0","0","0","https://x.com/BajerDhuafa/status/1774555234272260288","1142662763396792320","BajerDhuafa"
"1774485206919188929","Sun Mar 31 21:50:58 +0000 2024","0","@H4T14K4LN4L42 @officialMKRI @KPU_ID @prabowo Bukti ?? Asumsi dan fitnah kok bukti","1774555008912228399","","H4T14K4LN4L42","in","","0","0","0","https://x.com/wahyu_bewe/status/1774555008912228399","1506248147848556546","wahyu_bewe"
"1774216561274101870","Sun Mar 31 21:50:40 +0000 2024","0","@loeyvira @mad0nde @Ekaali10 @xquitavee @prabowo Emang lu ga bisa jawab aja si ngelak mulu ","1774554931825144186","","loeyvira","in","Bogor, Jawa Barat","0","1","0","https://x.com/lattehazell/status/1774554931825144186","1389486691853819904","lattehazell"
"1774428783279493504","Sun Mar 31 21:50:30 +0000 2024","9","@realfedinuril @KontraS Yg jelas presiden terpilih periode 2024Ô∏è Prabowo Gibran Dg isu penculikan hanya rekasa terhadap Prabowo yg tak suka pada ny","1774554892818124810","","realfedinuril","in","Cisoka, Indonesia","0","1","0","https://x.com/PropertyTaja/status/1774554892818124810","1575064788161667072","PropertyTaja"
"1774216561274101870","Sun Mar 31 21:49:53 +0000 2024","0","@RafifNaufalB @xquitavee @prabowo Lu salah satu Buzzerr wowowiwi kwkwkwk hanya melalui penguasa lah si Lembong punya Chanel ke Timah bego dipiara..dasar Buzzerr","1774554735225491839","","RafifNaufalB","in","Pamulang","0","0","0","https://x.com/Benkbenkad/status/1774554735225491839","102224888","Benkbenkad"
"1774485206919188929","Sun Mar 31 21:49:52 +0000 2024","5","@H4T14K4LN4L42 @officialMKRI @KPU_ID @prabowo Sirekap pulak yg dimasalahin hoiiii check hasil rekap manual itu basis perhitungan sah menurut UU.","1774554731911991365","","H4T14K4LN4L42","in","Bajo, Indonesia","0","2","0","https://x.com/RfgL88/status/1774554731911991365","859684778643030016","RfgL88"
"1774554727357063473","Sun Mar 31 21:49:51 +0000 2024","0","Boleh jadi PDIP malah semakin merapat ke Prabowo utk mngkerdilkan anak ini di pemerintahan biar tidak berkembang karir politiknya...","1774554727357063473","","","in","","0","0","0","https://x.com/chenoa2104/status/1774554727357063473","1342031068875014145","chenoa2104"
"1774548320578646175","Sun Mar 31 21:48:59 +0000 2024","1","@convomf biru prabowo katanya ‚Äç","1774554510704414748","","convomf","in","","0","0","0","https://x.com/aezatophile/status/1774554510704414748","1349352958773796867","aezatophile"
"1774216561274101870","Sun Mar 31 21:47:05 +0000 2024","0","@xquitavee @prabowo Lucu juga bisnis dia kalo di tarik garisnya masih berhubungan sama anak R1 padahal","1774554031219970326","","xquitavee","in","","0","0","0","https://x.com/eunhwithme/status/1774554031219970326","1432677064809717767","eunhwithme"
"1774216561274101870","Sun Mar 31 21:46:40 +0000 2024","0","@xquitavee @prabowo buzer kontol.. karena tom lembong mukanya mirip harvey dituduh malah dukung 01.. gak bisa bedain mana sandra dewi sandra.. tolong pak @prabowo gimana mau jadi Indonesia Emas..?","1774553927582904467","","xquitavee","in","everywhere","0","0","0","https://x.com/fevipara/status/1774553927582904467","62225027","fevipara"
"1774216561274101870","Sun Mar 31 21:46:37 +0000 2024","0","@xquitavee @prabowo Bulan puasa pun buzzer 02 ttp konsisten ngefitnah pak Anies. Ya Allah semoga para pendukung 02 yg suka nebar2 fitnah cepet dikirim azab sm Allah deh biar cepet tobat ","1774553913074852109","","xquitavee","in","","0","0","0","https://x.com/annannanna_17/status/1774553913074852109","1290000139071889408","annannanna_17"
"1774428783279493504","Sun Mar 31 21:46:27 +0000 2024","2","@realfedinuril Dulu megawati pernah menjadikan prabowo cawapresnya. Dan anies pernah dijadikan gubernur oleh prabowo. Penculik yg baik hati &amp; tdk sombong. Kalah-bangkit akhirnya Allah mengabulkan keinginan beliau menjadi Presiden RI . Takbiiiiir..","1774553870678847962","","realfedinuril","in","Kota Yogyakarta, Yogyakarta","1","0","0","https://x.com/arianiwidya_/status/1774553870678847962","1609069836847702022","arianiwidya_"
"1774216561274101870","Sun Mar 31 21:45:54 +0000 2024","0","@prikiti71422328 @xquitavee @prabowo Teruslah bodoh kawan jangan pintar Jelas itu Tweet Fitnah ","1774553733445431418","","prikiti71422328","in","Indonesia","0","0","0","https://x.com/OXhoon14/status/1774553733445431418","1722244889562468352","OXhoon14"
"1774295200036487392","Sun Mar 31 21:45:39 +0000 2024","0","@TheLadyJokeer @gibran_tweet Prabowo ngga masalah jd Presiden RI tapi si samsul gibrit si anak haram konstitusi (meskipun hanya sekedar BAN SERAP) sangat menjijikkan kayak bapaknya sang penghianat. Ora sudi duwe ban SERAP koyo si samsul.","1774553670308573383","","TheLadyJokeer","in","jakarta","0","0","0","https://x.com/rullystr/status/1774553670308573383","213946406","rullystr"
"1774216561274101870","Sun Mar 31 21:45:31 +0000 2024","0","@xquitavee @prikiti71422328 @prabowo Ayo mahasiswa demo dong dukung RUU perampasan aset. itu mewakili mayoritas suara rakyat loh","1774553638045913455","","xquitavee","in","","0","0","0","https://x.com/ibasaurus/status/1774553638045913455","1042125327491710976","ibasaurus"
"1774485206919188929","Sun Mar 31 21:45:24 +0000 2024","0","@H4T14K4LN4L42 @officialMKRI @KPU_ID @prabowo Pak @DivHumas_Polri @ListyoSigitP akun akun fitnah dan provokator aeperti ini kapan diajak ngopi??","1774553606576042280","","H4T14K4LN4L42","in","russia","0","0","0","https://x.com/triliuner007/status/1774553606576042280","1446795261938855946","triliuner007"
"1774553499805909408","Sun Mar 31 21:44:58 +0000 2024","0","Kayak gitu kok mau berantas korupsi sedangkan teman temannya bandit negara semua. Anda sehat @prabowo?","1774553499805909408","","","in","","0","0","0","https://x.com/daisyze_/status/1774553499805909408","1656531253187993600","daisyze_"
"1774318597688762853","Sun Mar 31 21:44:03 +0000 2024","0","@never_alonely Di akhir kepemimpinannya Jokowi mengingatkan Prabowo siapa yg berkuasa. Nanti Prabowo mungkin bakal bales wkwkwk I'll be there no matter what","1774553267948937705","","_NeverAlonely","in","","0","0","0","https://x.com/JawiJoko/status/1774553267948937705","1038269940841689088","JawiJoko"
"1774553075027718655","Sun Mar 31 21:43:17 +0000 2024","0","Eh ini beneran gugatan di MK dikabulin dan Prabowo ga jadi presiden terpilih?","1774553075027718655","","","in","","0","1","0","https://x.com/neitee/status/1774553075027718655","55167470","neitee"
"1774216561274101870","Sun Mar 31 21:42:56 +0000 2024","0","@loeyvira @mad0nde @Ekaali10 @xquitavee @prabowo Ga usah bilang konsisten foto ama video lu aja ga nyambung","1774552988549607628","","loeyvira","in","Bogor, Jawa Barat","0","1","0","https://x.com/lattehazell/status/1774552988549607628","1389486691853819904","lattehazell"
"1774374905511125448","Sun Mar 31 21:41:55 +0000 2024","0","@A1ki4_ku5_21 Klo bkn prabowo yg menang kalian pasti diam.semua ..knp.gk.9th yl koar2","1774552733493899716","","A1ki4_ku5_21","in","","0","0","0","https://x.com/BudiAri47581956/status/1774552733493899716","1605166719798226944","BudiAri47581956"
"1774388683652960624","Sun Mar 31 21:41:06 +0000 2024","4","@bengkeldodo @yazid_fadhlan prabowo minta prtggungjawaban gubernur anies soal polusi pngadaan tmpat ibadah.. bisa dijawab semua gk ada yg baper.. dodoooo dodo..","1774552524906996204","","bengkeldodo","in","","0","0","0","https://x.com/ari29_kop/status/1774552524906996204","986890975","ari29_kop"
"1774216561274101870","Sun Mar 31 21:40:51 +0000 2024","0","@xquitavee @prabowo Yg korup pendukung 02 disalahin pendukung 01 emang pendukung otak Gibran semua","1774552464458678303","","xquitavee","in","","0","0","0","https://x.com/ara04557908/status/1774552464458678303","1572523634467676162","ara04557908"
"1774464588895203672","Sun Mar 31 21:40:36 +0000 2024","5","@AndiPitopang7 @prabowo @ListyoSigitP Berwibawa klo ada demonstran atas kebijakan pemerintah dan lawannya gk ada senjata. Keliatan garangnya.","1774552400411742664","","AndiPitopang7","in","","0","0","0","https://x.com/Patient58958550/status/1774552400411742664","1341308064830377984","Patient58958550"
"1774216561274101870","Sun Mar 31 21:39:01 +0000 2024","0","@DwiSet87 @xquitavee @B3JOpkl1 @prabowo Ini kan pas pilkada DKI wkwk lagian udh pada bubar semua nyebar ke masing2 cawapres wkwk","1774552000027631848","","DwiSet87","in","Kahyangan","0","0","0","https://x.com/storywead/status/1774552000027631848","1202935535876001792","storywead"
"1770440680504193413","Sun Mar 31 21:38:38 +0000 2024","0","@Petruk_Penipu @Bull_winner @prabowo iya gw mau Twitter cuma buat ngeliat orang kaya lu doang ternyata banyak","1774551906373030073","","Petruk_Penipu","in","","0","1","0","https://x.com/028Fadil/status/1774551906373030073","1432611088240046082","028Fadil"
"1774485206919188929","Sun Mar 31 21:38:37 +0000 2024","9","@H4T14K4LN4L42 @officialMKRI @KPU_ID @prabowo Penuh drama dan rekayasa. Kebenaran akan mencari jalannya sendiri.","1774551900706451487","","H4T14K4LN4L42","in","","0","0","3","https://x.com/andra34817934/status/1774551900706451487","1604864335175909378","andra34817934"
"1774376303506129072","Sun Mar 31 21:34:15 +0000 2024","1","@RicKY_KCh Salah satu trik strategi untuk menjatuhkan Anies Baswedan adalah perilaku curang pendukung Anies Baswedan dipublikasikan secara masif perilaku curang pendukung Prabowo diabaikan !!!","1774550803174609007","","RicKY_KCh","in","Sleman, Indonesia","0","0","1","https://x.com/hardi_hardiman2/status/1774550803174609007","776211223079641088","hardi_hardiman2"
"1774216561274101870","Sun Mar 31 21:34:14 +0000 2024","0","@DanDanjulio @_L0KA @xquitavee @prabowo bisa banget ngeles nya HAHAHAHAHAHAHA 02 tukang fitnah kalo dibales ngelak sampe mampus","1774550796723761510","","DanDanjulio","tl","","0","0","0","https://x.com/yourfriendd0/status/1774550796723761510","1460143566450159618","yourfriendd0"
"1774216561274101870","Sun Mar 31 21:33:23 +0000 2024","0","@xquitavee @prabowo @triindonesia ko kartu ku ga bisa buat nelfon seluler ya padahal masa aktif masih lama bahkan ada paket nelfon juga","1774550582260547984","","xquitavee","in","","0","1","0","https://x.com/Dwi09066201/status/1774550582260547984","1237944751522844672","Dwi09066201"
"1774536770421710923","Sun Mar 31 21:33:15 +0000 2024","0","@RaisaTjokrodnta 2019 pendukung Prabowo juga ahli sorga semua..","1774550550375469383","","RaisaTjokrodnta","in","Kota Medan, Sumatera Utara","0","0","0","https://x.com/PohanGio/status/1774550550375469383","1633744865510182912","PohanGio"
"1774550151253946607","Sun Mar 31 21:31:40 +0000 2024","0","SBY yakin Prabowo mampu memimpin Indonesia lima tahun ke depan. du_ AgusYudhoyono PDemokrat Demokrat Harapan Rakyat https://t.co/ZczaQSR8Uh","1774550151253946607","https://pbs.twimg.com/media/GF9Ig57boAAZDF4.jpg","","in","","0","0","0","https://x.com/Gurane11316/status/1774550151253946607","1733885164185649153","Gurane11316"
"1774439328724422764","Sun Mar 31 21:31:28 +0000 2024","0","@abi_priadi @Kimberley_PS08 Emang strategi Prabowo itu jitu sampai minta Gibran untuk jd wapres! Sedikit lg misi selesai Jokowi bentar LG lengser dg segala kebohongannya!","1774550102566420676","","abi_priadi","in","Kuningan Jabar","0","1","0","https://x.com/ramaniaramdan/status/1774550102566420676","1046695076678660096","ramaniaramdan"
"1774550099936587810","Sun Mar 31 21:31:28 +0000 2024","0","SBY yakin Prabowo mampu memimpin Indonesia lima tahun ke depan. kd] AgusYudhoyono PDemokrat Demokrat Harapan Rakyat https://t.co/INSfcpRcVb","1774550099936587810","https://pbs.twimg.com/media/GF9EbMQa4AAtwS7.jpg","","in","","0","0","0","https://x.com/Gurane11316/status/1774550099936587810","1733885164185649153","Gurane11316"
"1774536770421710923","Sun Mar 31 21:31:06 +0000 2024","0","@RaisaTjokrodnta Inilah yg nyebut Prabowo penghianat langsung dari mulutnya tanpa perantara .. mau di BANTAH .. slahkan !!! https://t.co/hyHvWblLsC","1774550007775133778","https://pbs.twimg.com/media/GKB3ockakAAlTvj.jpg","RaisaTjokrodnta","in","Cianjur, Indonesia","0","0","0","https://x.com/Zega_81/status/1774550007775133778","596058569","Zega_81"
"1774549963911098688","Sun Mar 31 21:30:55 +0000 2024","0","Demokrat bersama Prabowo !!. qwu AgusYudhoyono PDemokrat Demokrat Harapan Rakyat https://t.co/m4lMWugGoT","1774549963911098688","https://pbs.twimg.com/ext_tw_video_thumb/1752992678583865344/pu/img/pYRMZk0Mvpdc_EA8.jpg","","in","","0","0","0","https://x.com/Gurane11316/status/1774549963911098688","1733885164185649153","Gurane11316"
"1774216561274101870","Sun Mar 31 21:30:18 +0000 2024","0","@xquitavee @prabowo Suami Sandra Dewi bukan tomas Lembong woiiiiii..sadar Yg di tangkap bersembarangan sama tomas lembong","1774549808067575812","","xquitavee","in","Kota Medan, Sumatera Utara","0","0","0","https://x.com/PohanGio/status/1774549808067575812","1633744865510182912","PohanGio"
"1774549743043248307","Sun Mar 31 21:30:02 +0000 2024","1","Tim Prabowo Gibran Minta Hadirkan Megawati di MK Kubu Ganjar Mahfud Sarankan untuk Ikut Munculkan Jokowi di Sidang Sengketa Pilpres 2024 https://t.co/hhpZ66cvTr #sidangmk #strategiid #ganjar #prabowo #yusril","1774549743043248307","","","in","Jakarta Capital Region","0","0","1","https://x.com/strategi_id/status/1774549743043248307","1004853909020553216","strategi_id"
"1774485206919188929","Sun Mar 31 21:30:01 +0000 2024","1","@H4T14K4LN4L42 @officialMKRI @KPU_ID @prabowo bukti ngarang gini mau diserahkan ke MK?","1774549737850700154","","H4T14K4LN4L42","in","","0","0","0","https://x.com/oprek_os/status/1774549737850700154","1589166231038615552","oprek_os"
"1774549187427995838","Sun Mar 31 21:29:58 +0000 2024","0","@dicccklicious Kan kmrn dah milih mau anies/prabowo/ganjar","1774549722763788341","","dicccklicious","in","heaven","0","1","0","https://x.com/s1cksadfck/status/1774549722763788341","1732097703029637120","s1cksadfck"
"1774045459692286184","Sun Mar 31 21:25:27 +0000 2024","0","@jiminjeongie94 @Rbnsyh06 @mollyhollyoreo @tanyakanrl gausa denial. semua juga sama. anies prabowo ganjar. apalagi prabowo di twiter kenceng bngt.","1774548588036862074","","jiminjeongie94","in","Louisiana, USA","0","0","0","https://x.com/ouchjh/status/1774548588036862074","1256443866565062656","ouchjh"
"1774240198223941771","Sun Mar 31 21:25:13 +0000 2024","1","@CNNIndonesia Pemilihan anggota Kabinet adalah hak prerogatif presiden terpilih dalam hal ini Prabowo bukan haknya wapres terpilih. Siapa yg menjamin sikap Prabowo bakal sama dgn Gibran? Saya yakin Prabowo paham bahwa bergabungnya Ganjar dan PDIP akan memberi dia tambahan kekuatan politik","1774548529429803246","","CNNIndonesia","in","","0","1","0","https://x.com/irhamnapermana/status/1774548529429803246","180112404","irhamnapermana"
"1774182482965086590","Sun Mar 31 21:24:27 +0000 2024","0","@erereepapa @didiwdiwdiw @jokowi @kemkominfo @prabowo saran mah geura gembok akun ","1774548335581684210","","erereepapa","in","","0","1","0","https://x.com/Jekkazkall1/status/1774548335581684210","1222196433270403072","Jekkazkall1"
"1771515559252984134","Sun Mar 31 21:24:22 +0000 2024","0","@prabowo @POTUS Setelah pemilu Pada akhirnya rakyat / Negara Indonesia hanya akan mengalami dua kemungkinan yaitu akan lebih sejahtera atau lebih sengsara siapapun presidennya. Saya berharap bapak akan membawa seluruh rakyat menjadi lebih sejahtera.","1774548313930637421","","prabowo","in","kalbar indonesia,born wonosobo","0","0","0","https://x.com/taufikovsobovic/status/1774548313930637421","1520877680","taufikovsobovic"
"1774548249464242580","Sun Mar 31 21:24:06 +0000 2024","1","Sama sekali tidak Prabowo ke Cina diundang sebagai tamu kehormatan setelah jd presiden terpilih 2024. Investasi Cina di RI sdh banyak dan akan trs meningkat","1774548249464242580","","","in","","0","1","1","https://x.com/mas_veel/status/1774548249464242580","1709123175450288128","mas_veel"
"1774548092848869666","Sun Mar 31 21:23:29 +0000 2024","0","PDI P Nasdem dan PKB emang keren mainnya dah . Mereka paham Prabowo butuh mereka biar kuat dan antisipasi pecah kongsi nanti.","1774548092848869666","","","in","","1","0","0","https://x.com/G0mb4k/status/1774548092848869666","1462319970184929284","G0mb4k"
"1774439328724422764","Sun Mar 31 21:23:24 +0000 2024","5","@CinereUnun41935 @Kimberley_PS08 Cacat etika Gibran adalah gunakan masker saat bicara dg si Manies. Sehingga tidak tersihir oleh racun kata-katanya. Terhalang masker. Coba bergabung dg si manies. Pasti dipuji setinggi langit. Seperti @NasDem dulu. Tapi begitu ucapkan selamat pada Pak Prabowo langsung di hujat https://t.co/8kAR3tqqJY","1774548069952156049","https://pbs.twimg.com/media/GKB2EJabsAAjpdB.jpg","CinereUnun41935","in","West Borneo, Indonesia","2","4","2","https://x.com/IrawanRommi/status/1774548069952156049","1348987504985133057","IrawanRommi"
"1774396990996259099","Sun Mar 31 21:23:14 +0000 2024","2","@bengkeldodo Gondrong gondorowo tolol sampean bicaranya Prabowo dinas sebagai menteri. Ngoceh mu seperti tukang kebun Wowo.","1774548031570055403","","bengkeldodo","in","","0","0","0","https://x.com/DDewata3656/status/1774548031570055403","1740084219693711360","DDewata3656"
"1774335919161839989","Sun Mar 31 21:22:48 +0000 2024","2","@nanath27 @RompalMat50697 @xquitavee Lahhh kan si bahlul yang bareng prabowo gibran. Gimna si lo??!! https://t.co/x1UxVXZ3Uu","1774547921658314768","https://pbs.twimg.com/media/GKB17jPbEAAvP6o.jpg","nanath27","in","","0","1","0","https://x.com/MynameisGrey01/status/1774547921658314768","1657082119259324417","MynameisGrey01"
"1770771633206124698","Sun Mar 31 21:22:04 +0000 2024","0","@navyblueeee_ @dddddin4 @Chavesz08 @Kimberley_PS08 @aniesbaswedan @prabowo Terus gw disuruh percaya anies yg hobi berkhianat? #amitamit ","1774547738279219473","","navyblueeee_","in","fuckinshit","0","2","0","https://x.com/dubidubi_damn/status/1774547738279219473","1667029440558436352","dubidubi_damn"
"1774418524800483839","Sun Mar 31 21:22:03 +0000 2024","0","@Chavesz08 @prabowo @jokowi Macan tua","1774547730771452272","","Chavesz08","in","","0","0","0","https://x.com/178Latif24755/status/1774547730771452272","1745399965495754752","178Latif24755"
"1774485206919188929","Sun Mar 31 21:21:52 +0000 2024","0","@H4T14K4LN4L42 @officialMKRI @KPU_ID @prabowo mak mak dapet info dari doremon ","1774547686722875615","","H4T14K4LN4L42","in","","0","0","0","https://x.com/BambanngT10643/status/1774547686722875615","1694068256586534912","BambanngT10643"
"1774545318396457128","Sun Mar 31 21:21:48 +0000 2024","0","@republikaonline Tunggu dulu hasil pertemuan Megawati dgn Prabowo.... Baru silahkan berasumsi...","1774547671216533953","","republikaonline","in","World Citizens since 1973","0","0","0","https://x.com/diesaster24/status/1774547671216533953","1763640850306023424","diesaster24"
"1774544778677674209","Sun Mar 31 21:21:40 +0000 2024","9","@Tan_Mar3M Sudah tak percaya dengan MK contoh nya waktu Prabowo lawan Jokowi ke MK saksi dari Prabowo satu pun g ada yg di benarkan oleh MK walaupun Anwar Usman sudah di berhenti dari ketua MK tapi Anwar Usman hanya pindah kursi saja dr MK","1774547637070647499","","Tan_Mar3M","in","","0","0","1","https://x.com/linglin53187986/status/1774547637070647499","1604403980582674432","linglin53187986"
"1774547622067659107","Sun Mar 31 21:21:37 +0000 2024","0","Kok bertepuk sebelah tangan.tuh barang sdh masuk'krn memang Prabowo butuh PKB nasdem dan PDI P.yg belum jelas itu Pekaes. Jangan liat layar depan layar belakang nya adem itu","1774547622067659107","","","in","","0","0","0","https://x.com/G0mb4k/status/1774547622067659107","1462319970184929284","G0mb4k"
"1774428783279493504","Sun Mar 31 21:21:13 +0000 2024","2","@realfedinuril Prabowo Subianto si penculik dan pelanggar HAM harus di adili","1774547520833613979","","realfedinuril","in","","0","0","0","https://x.com/fitrochul5332/status/1774547520833613979","1694965332295761920","fitrochul5332"
"1774216561274101870","Sun Mar 31 21:19:18 +0000 2024","0","@xquitavee @prabowo hah... kamu malu gak sih...","1774547038501572891","","xquitavee","in","","0","0","0","https://x.com/penduragian/status/1774547038501572891","944463325764534272","penduragian"
"1774305981884989492","Sun Mar 31 21:19:16 +0000 2024","0","@PakarINTELek Cara mengatasi masalah ini hanya dengan makan siang &amp; susu gratis supaya perempuan kuat Tutur pak @prabowo di debat capres terakhir 2024","1774547032449130916","","PakarINTELek","in","","0","0","0","https://x.com/alibaarz/status/1774547032449130916","426530843","alibaarz"
"1774442962140921947","Sun Mar 31 21:19:02 +0000 2024","1","@soeyoto1 Gimana mau percaya? Ketua KPU pernah selingkuh dgn anggota partai. Sekeliling @prabowo mayoritas maling.","1774546971048718836","","soeyoto1","in","","0","1","1","https://x.com/Karsono12732862/status/1774546971048718836","1296311058097823744","Karsono12732862"
"1774216561274101870","Sun Mar 31 21:18:57 +0000 2024","0","@kopiirengasli @Ekaali10 @xquitavee @prabowo Lah tapi kan disini masalahnya para pendukung 02 nuduh dia pendukung 01 malah kesannya dibuang dan gamau ngakuin.","1774546951058739544","","kopiirengasli","in","","0","1","0","https://x.com/controverstweet/status/1774546951058739544","1613236508349333504","controverstweet"
"1774216561274101870","Sun Mar 31 21:18:40 +0000 2024","0","@TaniHitam @xquitavee @prabowo Sing tenang min wkkwkwkkwkwk","1774546881017967049","","TaniHitam","in","Indonesia","0","1","0","https://x.com/tutuspambudi/status/1774546881017967049","89136386","tutuspambudi"
"1774244651509395877","Sun Mar 31 21:18:39 +0000 2024","0","@Candj09 Syarat nya jadi pendukung Prabowo itu harus bodoh https://t.co/N52b8SWjrf","1774546874533335478","https://pbs.twimg.com/ext_tw_video_thumb/1774546848998391808/pu/img/M5K3NQf5pVxffqL_.jpg","Candj09","in","","0","0","0","https://x.com/fitrochul5332/status/1774546874533335478","1694965332295761920","fitrochul5332"
"1774216561274101870","Sun Mar 31 21:18:19 +0000 2024","0","@xquitavee @prabowo Brisik","1774546791255736728","","xquitavee","in","Indonesia","0","0","0","https://x.com/tutuspambudi/status/1774546791255736728","89136386","tutuspambudi"
"1774447531767779754","Sun Mar 31 21:17:51 +0000 2024","0","@Joe__Bassey Pak @prabowo @jokowi kita gabeda sama Israel ternyata","1774546674133925996","","Joe__Bassey","in","","0","0","0","https://x.com/ano66z/status/1774546674133925996","1122886968075898880","ano66z"
"1774182482965086590","Sun Mar 31 21:17:44 +0000 2024","0","@didiwdiwdiw @jokowi @kemkominfo @prabowo menta tulung berantas judol tp ka bandarna wkwk","1774546645721473115","","didiwdiwdiw","in","","0","1","0","https://x.com/erereepapa/status/1774546645721473115","941966790380232704","erereepapa"
"1774535962309357927","Sun Mar 31 21:17:41 +0000 2024","2","@Flyingfighter27 awal wiraswasta malah covid ","1774546633625383385","","Flyingfighter27","in","Citayem California ","0","1","0","https://x.com/JHPrabowo/status/1774546633625383385","158912165","JHPrabowo"
"1774546446303518722","Sun Mar 31 21:16:56 +0000 2024","0","Meraba Politik Luar Negeri Prabowo Subianto https://t.co/JNVwvO5DQK #prabowosubianto #politikluarnegeri #nalarpolitik #pinterpolitik #politikindonesia #beritapolitik #beritapolitikterkini #beritapolitikterbaru","1774546446303518722","","","in","Jakarta, Indonesia","0","0","0","https://x.com/pinterpolitik/status/1774546446303518722","798770586784702464","pinterpolitik"
"1774546415533858867","Sun Mar 31 21:16:49 +0000 2024","1","HOW COME 2x........NDAS MU! 2014 Vs JOKOWI..... 2019 Vs JOKOWI(PRABOWO menang tapi diCURANGI) 2024 Vs ORANG2 yg banyak OMON2 n AROGAN juga SOMBONG!Faham ente BANG? Trus KOAR2 yg KALIAN sangka CURANG mana BUKTInya Lol?! https://t.co/6UcEnv93a8","1774546415533858867","https://pbs.twimg.com/media/GKB0jydXIAAKzj6.jpg","","in","","0","0","0","https://x.com/ArdoyantoE/status/1774546415533858867","1434495317496381443","ArdoyantoE"
"1774545095129497825","Sun Mar 31 21:16:08 +0000 2024","1","@DeddyDjumadi4 Dah kelar om","1774546243982872968","","DeddyDjumadi4","in","Citayem California ","0","1","0","https://x.com/JHPrabowo/status/1774546243982872968","158912165","JHPrabowo"
"1774546200739688753","Sun Mar 31 21:15:58 +0000 2024","1","Gilaa main fitnah buzzer 02 mmg azabnya paling sakit sihh pak tom lembong dibikin narasi ikut an korup di kasus 271 T dimana udah jelas helena kim aja dukung prabowo","1774546200739688753","","","in","Republic of Korea","0","0","0","https://x.com/tiasbae/status/1774546200739688753","967663329048080384","tiasbae"
"1774485206919188929","Sun Mar 31 21:15:47 +0000 2024","0","@H4T14K4LN4L42 @officialMKRI @KPU_ID @prabowo kok buktinya bacot","1774546156804354135","","H4T14K4LN4L42","in","East Java, Indonesia","0","0","0","https://x.com/RIRsyada/status/1774546156804354135","750630079","RIRsyada"
"1774335919161839989","Sun Mar 31 21:15:11 +0000 2024","0","@Yukaw87 @xquitavee mrk itu sbnnya lagi butuh peratian dari dr prabowo ama gibran mrk ini iri ke anies yg dekat ke pendukungnya sharing lgsg tatap muka dan memberi hal positif. ini yg tidak ada di 02 prabowo gibran mau ajak mrk ini temu sharing? yaa ngk kelas nya mrk dong hahahahahah","1774546006019108895","","Yukaw87","in","Londonderry, Northern Ireland","0","0","0","https://x.com/samurai_tenro/status/1774546006019108895","261023896","samurai_tenro"
"1774436148582215912","Sun Mar 31 21:14:34 +0000 2024","2","@anak_5okin @Gank_Of_Petojo Setaaann emang","1774545848497836177","","anak_5okin","in","Citayem California ","0","1","0","https://x.com/JHPrabowo/status/1774545848497836177","158912165","JHPrabowo"
"1774435417007538549","Sun Mar 31 21:14:01 +0000 2024","0","@psi_id Maksud orang2 @psi_id ini TUA RONGSOK membahyakan penumpang itu ke pak prabowo?","1774545708550705184","","psi_id","in","","0","0","0","https://x.com/Andi_Rubby/status/1774545708550705184","1604113772963979265","Andi_Rubby"
"1772970945629614344","Sun Mar 31 21:13:51 +0000 2024","0","@icikiwir_08 @aniesbaswedan @ganjarpranowo @KPK_RI Hei yg jelas babu itu @prabowo udah kalah mau aja jd babu @jokowi......","1774545669384237330","","romoatheist","in","","0","0","0","https://x.com/Darminto55Anto/status/1774545669384237330","338800280","Darminto55Anto"
"1774485206919188929","Sun Mar 31 21:12:54 +0000 2024","1","@H4T14K4LN4L42 @officialMKRI @KPU_ID @prabowo Mendagri ikut bermain? Untungnya keturunan : #YamanGakKorupsi #YamanGakKorupsi","1774545427704242446","","H4T14K4LN4L42","in","Banten Raya, Indonesia","0","0","0","https://x.com/KacungCh1/status/1774545427704242446","1761808210561056768","KacungCh1"
"1774545362268917915","Sun Mar 31 21:12:38 +0000 2024","0","Inilah contoh pendukung Prabowo... https://t.co/rQGtunMkvM","1774545362268917915","https://pbs.twimg.com/ext_tw_video_thumb/1774545325614919680/pu/img/rfv0nCfq_JxbXzcr.jpg","","in","","0","1","0","https://x.com/PutraMelay6837/status/1774545362268917915","1722218525522300928","PutraMelay6837"
"1774216561274101870","Sun Mar 31 21:12:35 +0000 2024","0","@xquitavee @prabowo ki cerdase melewati wong seng ipkne 2.3 @FafaNaufal","1774545348087959650","","xquitavee","in","Kumamoto-shi, Kumamoto","0","1","0","https://x.com/nizamsdq/status/1774545348087959650","1077911428961492992","nizamsdq"
"1774216561274101870","Sun Mar 31 21:12:13 +0000 2024","0","@xquitavee @prabowo Fitnah nih dgn narasi berita..padahal kepala berita ada tanda tanya (?) pantes aja pendukung 02 IQ nya 78 alias dibawah goblok belom banget","1774545259240030687","","xquitavee","in","","0","0","0","https://x.com/AcilBurman/status/1774545259240030687","1534410359561666560","AcilBurman"
"1774082824980799635","Sun Mar 31 21:12:11 +0000 2024","2","@frans_pra @99propaganda Padahal jelas ada pelanggaran berat kode etik konstitusi meloloskan samsul usia prabowo pun melewati batas usia capres tapi dilanggar dan para pengacara yg katanya hebat dan mahal malah seperti BODOH DUNGU agar dapat uang aja ya kan yg bener aja rugi donkkkk","1774545247357505835","","frans_pra","in","","0","2","0","https://x.com/brammuara82/status/1774545247357505835","1489075530729091072","brammuara82"
"1774428783279493504","Sun Mar 31 21:11:49 +0000 2024","0","@Ngadinopanser @realfedinuril Orang seperti sampean ini mau dikasih banyak fakta juga gak akan kelihatan juga. Tes pertama tanya diri sendiri bisa enggak melihat prestasi pak Jokowi/pak Prabowo. Tes kedua ikut seneng/bangga enggak Pak jokowi/Pak Prabowo lagi ada prestasi.","1774545158518030387","","Ngadinopanser","in","","1","4","0","https://x.com/jatmiko99604253/status/1774545158518030387","1604383996062105601","jatmiko99604253"
"1774216561274101870","Sun Mar 31 21:11:48 +0000 2024","1","@prikiti71422328 @xquitavee @prabowo kok ada orang setolol lo","1774545152453034398","","prikiti71422328","in","do not follow first üêà","0","0","0","https://x.com/68JJK/status/1774545152453034398","1341611751486341120","68JJK"
"1774384621498855541","Sun Mar 31 21:10:53 +0000 2024","0","@timpenguinnas @Gamal_Albinsaid Kagum dg beliau saat jd timses pak Prabowo tahun 2019","1774544921179074916","","timpenguinnas","in","East Java, Indonesia","0","0","0","https://x.com/vjromie/status/1774544921179074916","629454240","vjromie"
"1774544576763813990","Sun Mar 31 21:09:31 +0000 2024","0","Inginnya @cakimiNOW Pilpres Ulangan 2029.","1774544576763813990","","","in","Indonesia","0","0","0","https://x.com/insanisyah1/status/1774544576763813990","1461644341139496965","insanisyah1"
"1773260574186438835","Sun Mar 31 21:09:07 +0000 2024","0","@Ssiiiuukk @yunitaterry3 Lah terus video si miftah yang bilang kami memilih prabowo jalan kami ke surga semakin mudah (cmiiw) itu apaan? Mau jd tuhan apa gmn bullshit kalo blg gausah bawa2 agama heh paslon elu juga bawa2 agama memanglah agama itu gaada pernah terlepas dr aktivitas kita","1774544475601383752","","Ssiiiuukk","in","","0","2","0","https://x.com/ourliveea/status/1774544475601383752","1660669156331786242","ourliveea"
"1774544233074135264","Sun Mar 31 21:08:09 +0000 2024","0","Tentu Pintu terbuka @DPP_PKB tapi kenyataannya tepuk sebelah tangan.","1774544233074135264","","","in","Indonesia","2","0","0","https://x.com/insanisyah1/status/1774544233074135264","1461644341139496965","insanisyah1"
"1774224238624530719","Sun Mar 31 21:07:41 +0000 2024","2","@awleg_ Bicah iki lahire po seko silit?! Okeh hiburan sik luwih jos kok malah golek memolo. Gawean muk turaturu wae. Ono gitar kui yo iso go hiburan su!","1774544118431313950","","awleg_","in","","0","0","0","https://x.com/IndoMeals/status/1774544118431313950","2862528439","IndoMeals"
"1774540783271694638","Sun Mar 31 20:54:26 +0000 2024","0","Terbuat dari Bambu tapi Telan Dana hingga Rp550 Juta Karya Seni Ide Anies Baswedan Ini Cuma Bertahan 11 Bulan. Karya seni yg terlihat kumuh tapi mahal.... Malah mencela IKN dan mau membatalkan IKN.... Untunglah @prabowo yg menang dan IKN berlanjut. https://t.co/lArYGC28HF","1774540783271694638","","","in","","0","1","0","https://x.com/jari_droid/status/1774540783271694638","1486631613932834819","jari_droid"
"1774216561274101870","Sun Mar 31 20:53:35 +0000 2024","13","@RafifNaufalB @xquitavee @prabowo Bener ternyata syarat utk jadi oendukun 02 harus punya KBI Kartu Bodoh Indonesia","1774540569576186265","","RafifNaufalB","in","","0","0","0","https://x.com/moonknight_myb/status/1774540569576186265","1191002501438271488","moonknight_myb"
"1774404981778698736","Sun Mar 31 20:53:12 +0000 2024","0","@DrEvaChaniago Mereka lebih bisa menerima pembunuhan hewan daripada penyembelihan secara syari","1774540471462932913","","DrEvaChaniago","in","Citayem California ","0","0","0","https://x.com/JHPrabowo/status/1774540471462932913","158912165","JHPrabowo"
"1774371317082628496","Sun Mar 31 20:51:57 +0000 2024","0","@vaniepink Bikin pesantren yatim Hafidz Al Quran Gratis..","1774540156344873109","","vaniepink","in","Citayem California ","0","0","0","https://x.com/JHPrabowo/status/1774540156344873109","158912165","JHPrabowo"
